"Time_Iter","Outer_Iter","Inner_Iter",    "rms[Rho]"    ,    "rms[RhoU]"   ,    "rms[RhoV]"   ,    "rms[RhoW]"   ,    "rms[RhoE]"   ,     "rms[nu]"    
          0,           0,           0,      -4.875196878,       -9.67238369,      -16.04780435,       -10.9443717,      -4.268030877,      -10.91801127
          0,           0,           1,      -5.207402573,      -5.085242443,      -5.629804929,      -4.855234186,      -4.571620926,      -11.62633833
          0,           0,           2,      -5.202978971,      -4.998930962,      -5.196898227,       -5.05454878,      -4.566965538,      -11.61628827
          0,           0,           3,      -5.135526185,      -4.990512394,       -4.98588622,      -4.879812382,      -4.517636216,       -11.4965679
          0,           0,           4,      -5.033221519,      -4.962234115,      -4.891343983,      -4.789541992,      -4.424124535,      -11.45294181
          0,           0,           5,      -4.979169209,      -4.947730961,      -4.861174784,       -4.77957873,      -4.372993848,        -11.441446
          0,           0,           6,      -4.955884294,      -4.955696733,       -4.87260087,      -4.810709166,      -4.350416578,      -11.41861151
          0,           0,           7,      -4.930914189,      -4.985105493,      -4.899577701,      -4.847202136,      -4.327990774,      -11.39229258
          0,           0,           8,      -4.905918531,      -5.033644879,      -4.929920865,        -4.8787792,      -4.307160307,      -11.38374461
          0,           0,           9,      -4.893770538,      -5.067543395,      -4.967160295,      -4.917034567,      -4.295626872,      -11.39594049
          0,           0,          10,      -4.894011968,      -5.050523238,      -5.009488575,       -4.96111155,      -4.290267415,      -11.42039662
          0,           0,          11,      -4.906238833,      -5.018524263,      -5.058109277,      -5.002679269,      -4.295439429,      -11.44988327
          0,           0,          12,      -4.931897732,      -5.017092755,      -5.117981827,      -5.047916517,      -4.318621081,       -11.4805925
          0,           0,          13,      -4.966809856,       -5.05304239,      -5.185724818,      -5.106851219,      -4.356934606,       -11.5122512
          0,           0,          14,      -5.004488384,       -5.10958056,      -5.249636882,      -5.174489995,      -4.399720892,      -11.54624003
          0,           0,          15,      -5.042687665,      -5.163643928,      -5.302724547,      -5.234605931,      -4.439358417,      -11.58358415
          0,           0,          16,      -5.082002002,      -5.206188239,      -5.349458936,      -5.280093177,      -4.475811505,      -11.62408372
          0,           0,          17,       -5.12359889,       -5.24646557,      -5.398935326,      -5.321181531,      -4.513688516,      -11.66515795
          0,           0,          18,      -5.168173344,       -5.29604224,      -5.456129366,       -5.37040041,      -4.556607277,      -11.70075506
          0,           0,          19,      -5.215830733,      -5.357031334,      -5.519371788,      -5.431401845,       -4.60490905,      -11.72289957
          0,           0,          20,      -5.265899906,      -5.422616189,      -5.582819453,      -5.499579805,      -4.656369017,      -11.72448388
          0,           0,          21,      -5.317241209,       -5.48385173,      -5.641620901,      -5.566445274,      -4.708317174,      -11.70245932
          0,           0,          22,      -5.368845382,      -5.538023949,      -5.696009818,      -5.625217901,      -4.759393553,      -11.65912641
          0,           0,          23,      -5.420062893,      -5.589946893,       -5.74927197,      -5.674937163,      -4.809655336,      -11.60132989
          0,           0,          24,      -5.470473773,      -5.645294521,      -5.803559938,      -5.719443272,      -4.859520878,      -11.53609399
          0,           0,          25,      -5.519772533,      -5.705080482,      -5.858421337,      -5.762728925,      -4.908979663,      -11.46996436
          0,           0,          26,      -5.567750613,      -5.764978804,       -5.91191212,      -5.806403371,      -4.957537233,      -11.40761217
          0,           0,          27,      -5.614383521,      -5.818385892,      -5.962787287,      -5.850122687,      -5.004674268,      -11.35189198
          0,           0,          28,      -5.659916359,      -5.861448743,      -6.011401806,      -5.893037402,      -5.050308577,      -11.30437494
          0,           0,          29,      -5.704721513,      -5.895830853,      -6.059022259,      -5.935079093,      -5.094790584,      -11.26563732
          0,           0,          30,      -5.749260982,      -5.926650854,      -6.106330582,      -5.977091247,      -5.138745381,      -11.23616487
          0,           0,          31,      -5.793988808,      -5.958641485,      -6.152937702,      -6.019995332,      -5.182785879,      -11.21627393
          0,           0,          32,      -5.839305779,      -5.994274946,      -6.197780509,      -6.063760292,      -5.227403502,      -11.20641159
          0,           0,          33,      -5.885533745,      -6.034266145,      -6.240100199,       -6.10732007,      -5.272984286,      -11.20542875
          0,           0,          34,      -5.932783941,       -6.07835901,      -6.280348792,      -6.148926848,      -5.319727017,        -11.211131
          0,           0,          35,       -5.98083769,      -6.125943669,      -6.319969395,      -6.187477503,      -5.367531399,      -11.22117892
          0,           0,          36,      -6.029153849,      -6.176338215,      -6.360459733,      -6.223203558,       -5.41595649,      -11.23409197
          0,           0,          37,        -6.0769551,      -6.228752538,      -6.402530093,      -6.257393823,      -5.464235014,      -11.24971842
          0,           0,          38,      -6.123619165,      -6.282284249,      -6.445318551,      -6.291411193,      -5.511623505,      -11.26856471
          0,           0,          39,      -6.168932103,      -6.335941186,      -6.486427669,      -6.325921965,      -5.557682035,      -11.29147414
          0,           0,          40,      -6.213257688,       -6.38868228,      -6.522763117,        -6.3606195,      -5.602539531,       -11.3180959
          0,           0,          41,      -6.257283944,      -6.439417868,      -6.552117048,      -6.394431924,      -5.646742394,      -11.34708781
          0,           0,          42,      -6.301675099,      -6.487055042,      -6.574469544,      -6.426169343,      -5.690948759,      -11.37683864
          0,           0,          43,      -6.346784364,       -6.53066765,       -6.59216958,      -6.455260782,      -5.735611929,      -11.40579585
          0,           0,          44,      -6.392681568,      -6.569805754,      -6.609052853,      -6.482429183,      -5.780950555,      -11.43261876
          0,           0,          45,      -6.439028053,      -6.604830646,      -6.628357463,      -6.509088046,      -5.826780444,       -11.4561686
          0,           0,          46,       -6.48530551,      -6.636653879,      -6.652469453,      -6.537018484,      -5.872673238,      -11.47545601
          0,           0,          47,      -6.531055159,      -6.666506385,       -6.68278534,      -6.567844616,      -5.918234492,       -11.4901437
          0,           0,          48,      -6.575911226,      -6.695333534,      -6.719912097,       -6.60264322,      -5.963163292,      -11.50048274
          0,           0,          49,      -6.619702676,      -6.723550792,      -6.763837668,      -6.641840313,      -6.007317141,      -11.50690013
          0,           0,          50,      -6.662454511,      -6.750977829,        -6.8140241,      -6.685151029,      -6.050687424,      -11.50988081
          0,           0,          51,      -6.704382654,       -6.77711847,      -6.869412567,      -6.731691965,      -6.093399747,      -11.51009873
          0,           0,          52,      -6.745743559,      -6.801333204,      -6.928320354,      -6.780018111,      -6.135607738,      -11.50824594
          0,           0,          53,      -6.786774283,      -6.822980679,      -6.988270077,      -6.828259761,      -6.177474116,      -11.50501589
          0,           0,          54,      -6.827547299,      -6.841386756,      -7.045736822,      -6.874288406,      -6.219052233,      -11.50096214
          0,           0,          55,      -6.867940276,      -6.855766975,      -7.096294286,      -6.916021099,      -6.260265135,      -11.49637037
          0,           0,          56,      -6.907574703,      -6.865284734,      -7.135544452,      -6.951836344,       -6.30083293,      -11.49141892
          0,           0,          57,      -6.945700149,      -6.869157656,      -7.160595838,      -6.980802405,      -6.340128928,      -11.48637942
          0,           0,          58,      -6.981515793,      -6.867346375,      -7.172109513,       -7.00312876,      -6.377421656,       -11.4814149
          0,           0,          59,      -7.014307262,      -6.860653834,      -7.173785118,      -7.020034458,      -6.411967402,       -11.4765394
          0,           0,          60,      -7.043228883,      -6.850112236,      -7.169935099,      -7.032953161,      -6.442808004,      -11.47190847
          0,           0,          61,      -7.067883214,      -6.837050632,      -7.164594221,      -7.043485142,      -6.469345183,      -11.46765236
          0,           0,          62,      -7.088403083,      -6.822974115,      -7.160669155,       -7.05313074,      -6.491536035,      -11.46382341
          0,           0,          63,      -7.105335108,      -6.809175615,      -7.159798845,      -7.063052368,      -6.509823102,      -11.46045409
          0,           0,          64,      -7.119538348,      -6.796585163,      -7.162765753,      -7.074064808,      -6.525032384,      -11.45756601
          0,           0,          65,      -7.131871729,      -6.785721866,      -7.169716372,      -7.086630838,      -6.538042857,      -11.45518797
          0,           0,          66,      -7.143004558,      -6.776750168,      -7.180403046,      -7.100893767,      -6.549577998,      -11.45334464
          0,           0,          67,       -7.15337087,      -6.769609628,      -7.194341455,      -7.116762032,      -6.560147135,       -11.4520734
          0,           0,          68,      -7.163228599,      -6.764183187,       -7.21099918,      -7.134002032,      -6.570097037,      -11.45139242
          0,           0,          69,      -7.172754773,      -6.760346912,      -7.229833731,      -7.152337955,      -6.579687789,       -11.4513066
          0,           0,          70,      -7.182082258,      -6.758022232,      -7.250381699,      -7.171513634,      -6.589116259,      -11.45177861
          0,           0,          71,      -7.191328115,       -6.75715759,      -7.272248512,      -7.191325117,      -6.598537443,      -11.45280407
          0,           0,          72,      -7.200570109,      -6.757686128,      -7.295099981,      -7.211595149,      -6.608031565,      -11.45440917
          0,           0,          73,      -7.209819663,      -6.759485744,       -7.31863937,      -7.232129851,      -6.617578292,      -11.45659731
          0,           0,          74,       -7.21903422,      -6.762403457,      -7.342607328,      -7.252708975,      -6.627095481,      -11.45934845
          0,           0,          75,      -7.228174025,      -6.766299979,      -7.366777911,      -7.273103342,      -6.636518644,       -11.4626508
          0,           0,          76,       -7.23723903,      -6.771060384,      -7.390934711,      -7.293088788,      -6.645835388,      -11.46647739
          0,           0,          77,      -7.246252014,      -6.776585985,      -7.414852642,      -7.312469454,        -6.6550593,       -11.4707489
          0,           0,          78,      -7.255233329,      -6.782781141,      -7.438299387,      -7.331076734,      -6.664202887,      -11.47535789
          0,           0,          79,      -7.264202734,      -6.789558135,      -7.461047525,      -7.348786728,      -6.673282407,      -11.48024624
          0,           0,          80,      -7.273172075,      -6.796838921,      -7.482883434,      -7.365511152,       -6.68230997,      -11.48542211
          0,           0,          81,      -7.282176648,      -6.804560409,        -7.5036207,      -7.381209322,      -6.691326454,      -11.49097748
          0,           0,          82,      -7.291256796,      -6.812676575,      -7.523112473,      -7.395881463,      -6.700380125,      -11.49699132
          0,           0,          83,      -7.300446425,      -6.821148985,      -7.541247824,       -7.40957722,       -6.70951255,      -11.50340322
          0,           0,          84,      -7.309773556,      -6.829944976,      -7.557942415,      -7.422382069,      -6.718759149,      -11.51010077
          0,           0,          85,      -7.319258001,      -6.839037291,      -7.573120955,      -7.434392243,      -6.728146828,      -11.51704087
          0,           0,          86,      -7.328912212,      -6.848402288,      -7.586693692,      -7.445691755,      -6.737695141,      -11.52416743
          0,           0,          87,      -7.338740766,      -6.858019476,      -7.598534994,      -7.456329718,      -6.747415722,       -11.5314709
          0,           0,          88,      -7.348747938,      -6.867870932,      -7.608472138,      -7.466305922,      -6.757320347,      -11.53898528
          0,           0,          89,      -7.358926744,      -6.877941575,      -7.616287125,      -7.475555287,      -6.767409052,      -11.54673448
          0,           0,          90,      -7.369268387,      -6.888219689,      -7.621737253,      -7.483947636,      -6.777680254,      -11.55472272
          0,           0,          91,      -7.379761765,      -6.898698276,      -7.624593579,      -7.491292034,      -6.788130011,      -11.56294681
          0,           0,          92,      -7.390391993,      -6.909373883,      -7.624689358,      -7.497358019,      -6.798749314,      -11.57140045
          0,           0,          93,      -7.401142425,       -6.92024468,      -7.621966852,      -7.501905819,      -6.809525186,      -11.58005491
          0,           0,          94,       -7.41199547,      -6.931309226,      -7.616507859,      -7.504725334,      -6.820441089,      -11.58887789
          0,           0,          95,      -7.422930866,      -6.942562583,      -7.608541929,      -7.505664268,      -6.831474991,      -11.59785237
          0,           0,          96,      -7.433920488,       -6.95399317,      -7.598421381,      -7.504662051,      -6.842594774,      -11.60697866
          0,           0,          97,      -7.444935308,      -6.965585684,      -7.586591913,      -7.501769266,      -6.853766238,      -11.61625817
          0,           0,          98,      -7.455945855,      -6.977322812,      -7.573540807,      -7.497144666,      -6.864954283,      -11.62568173
          0,           0,          99,      -7.466926489,      -6.989186373,      -7.559746612,      -7.491039668,      -6.876128103,       -11.6352378
          0,           0,         100,      -7.477861201,      -7.001158889,      -7.545648341,      -7.483767378,      -6.887267689,      -11.64491219
          0,           0,         101,      -7.488735211,      -7.013224763,      -7.531625314,      -7.475666939,      -6.898354649,      -11.65469323
          0,           0,         102,       -7.49953694,       -7.02536984,      -7.517987683,       -7.46707548,      -6.909373739,      -11.66457204
          0,           0,         103,      -7.510255563,      -7.037578965,      -7.504974493,      -7.458296569,      -6.920310225,      -11.67454119
          0,           0,         104,      -7.520884937,      -7.049838276,       -7.49276424,      -7.449594931,      -6.931154312,      -11.68459299
          0,           0,         105,      -7.531420124,      -7.062133695,      -7.481477932,      -7.441184305,      -6.941897871,      -11.69472239
          0,           0,         106,      -7.541857879,       -7.07445144,      -7.471188014,      -7.433227853,      -6.952535155,      -11.70492219
          0,           0,         107,      -7.552201853,      -7.086779796,      -7.461925239,      -7.425842283,      -6.963068649,      -11.71518868
          0,           0,         108,      -7.562455963,      -7.099109863,      -7.453684096,      -7.419103452,      -6.973501909,      -11.72550689
          0,           0,         109,      -7.572619377,      -7.111429198,       -7.44644127,       -7.41305053,      -6.983834098,      -11.73587123
          0,           0,         110,      -7.582690334,      -7.123727858,      -7.440165809,       -7.40770269,       -6.99406356,      -11.74627685
          0,           0,         111,      -7.592674292,      -7.135999207,      -7.434815989,      -7.403058954,      -7.004196907,      -11.75671745
          0,           0,         112,      -7.602577392,      -7.148238524,      -7.430341135,      -7.399102684,      -7.014241823,      -11.76718798
          0,           0,         113,      -7.612406382,      -7.160443255,      -7.426684796,      -7.395807106,      -7.024206852,      -11.77768456
          0,           0,         114,      -7.622168526,      -7.172612967,      -7.423788025,      -7.393139362,      -7.034101135,      -11.78820408
          0,           0,         115,      -7.631870375,      -7.184748559,      -7.421592143,      -7.391063607,      -7.043932856,      -11.79874267
          0,           0,         116,      -7.641516895,      -7.196848242,      -7.420040305,      -7.389542177,       -7.05370835,      -11.80929909
          0,           0,         117,       -7.65111018,      -7.208909933,      -7.419078722,      -7.388538253,      -7.063431053,      -11.81987105
          0,           0,         118,       -7.66065353,       -7.22093273,      -7.418658832,       -7.38801763,      -7.073105695,      -11.83045616
          0,           0,         119,      -7.670150062,      -7.232917463,        -7.4187371,         -7.387948,      -7.082736436,      -11.84105228
          0,           0,         120,      -7.679604393,      -7.244865703,      -7.419274618,      -7.388299891,      -7.092328835,      -11.85165749
          0,           0,         121,      -7.689020011,      -7.256778793,      -7.420236388,      -7.389046818,      -7.101887042,      -11.86227013
          0,           0,         122,      -7.698405093,       -7.26865773,      -7.421591215,       -7.39016467,       -7.11142016,      -11.87288868
          0,           0,         123,      -7.707762304,       -7.28050421,      -7.423311197,      -7.391631518,      -7.120931022,      -11.88351181
          0,           0,         124,      -7.717092791,      -7.292318487,      -7.425371708,      -7.393428047,      -7.130421022,       -11.8941385
          0,           0,         125,      -7.726398849,      -7.304101628,      -7.427751291,      -7.395537141,      -7.139892721,      -11.90476797
          0,           0,         126,      -7.735683045,      -7.315855275,      -7.430430743,      -7.397943076,      -7.149348734,      -11.91540015
          0,           0,         127,      -7.744947273,      -7.327579993,      -7.433391945,      -7.400630538,      -7.158790872,      -11.92603535
          0,           0,         128,      -7.754192986,      -7.339276073,      -7.436618103,      -7.403584717,      -7.168220406,      -11.93667371
          0,           0,         129,      -7.763421196,      -7.350943262,      -7.440093501,      -7.406791264,      -7.177638382,      -11.94731509
          0,           0,         130,      -7.772631603,      -7.362581487,       -7.44380349,      -7.410236603,      -7.187044683,      -11.95795928
          0,           0,         131,      -7.781825137,      -7.374191351,      -7.447734117,      -7.413907613,      -7.196440362,      -11.96860639
          0,           0,         132,      -7.791003031,      -7.385773966,      -7.451871621,       -7.41779137,      -7.205826512,      -11.97925701
          0,           0,         133,      -7.800165702,      -7.397329928,      -7.456202196,      -7.421874498,      -7.215203048,      -11.98991242
          0,           0,         134,      -7.809313381,      -7.408859843,      -7.460712783,      -7.426144317,      -7.224569906,      -12.00057569
          0,           0,         135,      -7.818445522,      -7.420364635,      -7.465391169,      -7.430589246,      -7.233926629,      -12.01124764
          0,           0,         136,      -7.827561342,      -7.431845325,       -7.47022683,       -7.43519879,      -7.243272676,       -12.0219219
          0,           0,         137,      -7.836667376,      -7.443306243,      -7.475212188,      -7.439964465,      -7.252615154,      -12.03260248
          0,           0,         138,      -7.845765073,      -7.454749162,      -7.480337109,      -7.444875586,      -7.261954703,      -12.04329507
          0,           0,         139,      -7.854851796,      -7.466172029,      -7.485590727,      -7.449920731,      -7.271287628,      -12.05399673
          0,           0,         140,      -7.863925363,      -7.477573384,        -7.4909646,      -7.455090713,      -7.280611719,      -12.06470905
          0,           0,         141,      -7.872985994,      -7.488953361,      -7.496451288,      -7.460376943,      -7.289927926,      -12.07543126
          0,           0,         142,      -7.882038643,      -7.500318899,      -7.502050774,      -7.465778888,      -7.299243201,      -12.08616184
          0,           0,         143,      -7.891087405,      -7.511675848,       -7.50775916,      -7.471293143,      -7.308560585,       -12.0969043
          0,           0,         144,      -7.900128539,      -7.523019042,       -7.51356153,      -7.476905328,      -7.317872671,      -12.10766696
          0,           0,         145,      -7.909156578,      -7.534347405,      -7.519458701,      -7.482614486,      -7.327174583,       -12.1184477
          0,           0,         146,      -7.918167113,      -7.545652678,      -7.525438877,      -7.488407953,      -7.336460943,      -12.12924405
          0,           0,         147,      -7.927161621,      -7.556939426,      -7.531504561,      -7.494287039,      -7.345737406,      -12.14005258
          0,           0,         148,      -7.936163092,      -7.568241893,      -7.537692088,      -7.500288105,       -7.35503292,       -12.1508667
          0,           0,         149,      -7.945163481,      -7.579536906,      -7.543947646,      -7.506362884,       -7.36432386,      -12.16171854
          0,           0,         150,      -7.954153131,      -7.590818819,      -7.550281665,      -7.512517711,      -7.373604316,      -12.17260888
          0,           0,         151,      -7.963148464,      -7.602095956,      -7.556717979,      -7.518772842,       -7.38289454,      -12.18351251
          0,           0,         152,      -7.972116576,      -7.613313609,      -7.563162917,      -7.525038042,      -7.392152161,       -12.1944505
          0,           0,         153,      -7.981120425,      -7.624585924,      -7.569785775,      -7.531473992,      -7.401479762,      -12.20536962
          0,           0,         154,      -7.990214268,      -7.635927115,      -7.576539106,      -7.538050419,      -7.410907537,      -12.21630957
          0,           0,         155,      -7.999268397,      -7.647200881,      -7.583225384,       -7.54457236,      -7.420265978,      -12.22735496
          0,           0,         156,      -8.008285545,      -7.658474453,      -7.590055373,      -7.551225839,      -7.429598267,      -12.23838829
          0,           0,         157,      -8.017273142,       -7.66967724,      -7.596881965,       -7.55788301,      -7.438888311,      -12.24942248
          0,           0,         158,      -8.026175044,      -7.680782454,      -7.603656501,      -7.564489023,        -7.4480997,      -12.26046859
          0,           0,         159,      -8.035158288,      -7.692004922,      -7.610692991,      -7.571348762,      -7.457447253,       -12.2714416
          0,           0,         160,      -8.044230878,      -7.703273084,      -7.617747461,      -7.578251093,      -7.466876236,      -12.28247504
          0,           0,         161,      -8.053194603,      -7.714431041,      -7.624671714,      -7.585030226,       -7.47616017,      -12.29362859
          0,           0,         162,      -8.062095749,      -7.725571755,       -7.63174369,      -7.591936085,      -7.485391387,      -12.30472485
          0,           0,         163,      -8.070941859,       -7.73660421,       -7.63874163,      -7.598779832,      -7.494555486,      -12.31581547
          0,           0,         164,      -8.079710564,      -7.747566047,      -7.645714744,      -7.605594718,      -7.503667927,      -12.32690028
          0,           0,         165,      -8.088601454,      -7.758673508,      -7.652964321,      -7.612678634,      -7.512956631,      -12.33792202
          0,           0,         166,      -8.097580373,      -7.769825122,      -7.660193007,      -7.619765609,       -7.52231669,      -12.34903006
          0,           0,         167,      -8.106454816,      -7.780888166,      -7.667324464,      -7.626752617,      -7.531542717,       -12.3602648
          0,           0,         168,      -8.115298173,      -7.791950046,      -7.674613631,      -7.633873403,      -7.540745875,      -12.37142845
          0,           0,         169,      -8.124088189,      -7.802906374,      -7.681803759,      -7.640907856,      -7.549881761,      -12.38259936
          0,           0,         170,      -8.132832151,      -7.813841576,      -7.689025944,      -7.647965396,      -7.559007077,      -12.39374868
          0,           0,         171,      -8.141729604,       -7.82494286,      -7.696519965,      -7.655291576,      -7.568330219,      -12.40483565
          0,           0,         172,      -8.150689916,      -7.836073125,      -7.703946049,      -7.662574416,      -7.577689392,       -12.4160432
          0,           0,         173,      -8.159542989,      -7.847134834,      -7.711318457,       -7.66979388,      -7.586921759,      -12.42734278
          0,           0,         174,      -8.168376871,      -7.858192438,      -7.718827793,      -7.677130844,      -7.596139016,      -12.43857264
          0,           0,         175,      -8.177133374,       -7.86912785,      -7.726195167,      -7.684340577,      -7.605265006,      -12.44982651
          0,           0,         176,      -8.185866937,      -7.880077785,      -7.733651421,      -7.691625573,      -7.614414305,      -12.46103492
          0,           0,         177,      -8.194763342,      -7.891186193,      -7.741339839,      -7.699146592,      -7.623758464,      -12.47219677
          0,           0,         178,      -8.203671721,      -7.902283441,      -7.748893559,      -7.706556205,      -7.633079141,      -12.48350799
          0,           0,         179,      -8.212471105,      -7.913325714,      -7.756438484,      -7.713937947,       -7.64228319,       -12.4948736
          0,           0,         180,      -8.221255248,      -7.924349493,      -7.764073323,      -7.721396684,       -7.65147019,      -12.50616921
          0,           0,         181,      -8.229935493,       -7.93523931,      -7.771528592,      -7.728689785,      -7.660542425,      -12.51750009
          0,           0,         182,      -8.238629271,      -7.946186183,      -7.779137711,      -7.736117965,      -7.669682487,      -12.52875893
          0,           0,         183,       -8.24748978,      -7.957283435,      -7.786924528,       -7.74373592,      -7.679005925,      -12.53999648
          0,           0,         184,      -8.256305964,      -7.968334087,       -7.79452107,      -7.751183523,      -7.688242169,      -12.55141099
          0,           0,         185,      -8.265022189,      -7.979346976,      -7.802161994,      -7.758647124,      -7.697380412,      -12.56283702
          0,           0,         186,      -8.273722165,      -7.990321866,      -7.809834773,      -7.766138984,       -7.70649337,      -12.57420146
          0,           0,         187,      -8.282300309,      -8.001160907,      -7.817315613,      -7.773450848,      -7.715480747,      -12.58560746
          0,           0,         188,      -8.290937607,      -8.012092113,      -7.825011147,      -7.780956606,      -7.724585142,      -12.59691937
          0,           0,         189,       -8.29973374,      -8.023155343,      -7.832817892,      -7.788595014,        -7.7338497,      -12.60824208
          0,           0,         190,      -8.308435697,      -8.034141047,      -7.840401654,      -7.796025877,       -7.74297614,      -12.61975768
          0,           0,         191,      -8.317058698,      -8.045100928,      -7.848076981,      -7.803513666,      -7.752033112,      -12.63123888
          0,           0,         192,      -8.325653534,      -8.055999777,      -7.855716337,       -7.81097292,      -7.761046014,      -12.64267368
          0,           0,         193,      -8.334122236,      -8.066780828,       -7.86318463,      -7.818269404,       -7.76993996,      -12.65414343
          0,           0,         194,      -8.342696009,      -8.077684724,      -7.870909369,      -7.825803552,      -7.778992896,      -12.66550686
          0,           0,         195,       -8.35139868,      -8.088695137,      -7.878664145,      -7.833397178,      -7.788159575,      -12.67692278
          0,           0,         196,      -8.359966489,      -8.099614328,      -7.886200037,      -7.840779532,      -7.797152434,      -12.68852869
          0,           0,         197,      -8.368483526,      -8.110519261,       -7.89385909,      -7.848248462,      -7.806105696,      -12.70006223
          0,           0,         198,      -8.376947954,      -8.121337429,      -7.901408349,      -7.855624689,      -7.814984898,      -12.71157516
          0,           0,         199,      -8.385307836,      -8.132077088,      -7.908855792,      -7.862899709,       -7.82378232,      -12.72309866
          0,           0,         200,      -8.393816215,      -8.142957773,      -7.916573739,        -7.8704332,       -7.83277063,      -12.73451734
          0,           0,         201,      -8.402397703,      -8.153900897,      -7.924226708,      -7.877935488,      -7.841801212,      -12.74604206
          0,           0,         202,      -8.410829364,       -8.16475656,      -7.931719853,      -7.885272414,      -7.850657565,      -12.75772124
          0,           0,         203,      -8.419238983,      -8.175598607,       -7.93933585,      -7.892701154,      -7.859497772,      -12.76930487
          0,           0,         204,      -8.427555585,      -8.186323691,      -7.946770442,       -7.89997146,      -7.868222384,      -12.78090434
          0,           0,         205,       -8.43582614,      -8.197032264,      -7.954229136,      -7.907255123,      -7.876942885,      -12.79246972
          0,           0,         206,      -8.444274219,      -8.207888422,      -7.961930603,      -7.914783237,      -7.885863339,      -12.80395566
          0,           0,         207,      -8.452712041,      -8.218747258,      -7.969466319,      -7.922178656,      -7.894729753,      -12.81561271
          0,           0,         208,      -8.461017379,       -8.22953814,      -7.976949646,      -7.929498122,      -7.903459847,        -12.827351
          0,           0,         209,      -8.469315576,      -8.240301378,      -7.984507187,      -7.936875448,      -7.912176661,      -12.83899146
          0,           0,         210,      -8.477479241,      -8.250926566,      -7.991838765,      -7.944049682,      -7.920743594,      -12.85067959
          0,           0,         211,      -8.485683923,      -8.261601963,      -7.999338495,      -7.951370984,      -7.929408196,      -12.86228003
          0,           0,         212,      -8.494069954,      -8.272418999,      -8.007007818,      -7.958881495,      -7.938254574,      -12.87384787
          0,           0,         213,       -8.50235427,      -8.283181739,       -8.01443805,      -7.966178538,      -7.946950235,      -12.88564019
          0,           0,         214,      -8.510548671,      -8.293900314,      -8.021926426,      -7.973493453,      -7.955569431,      -12.89742546
          0,           0,         215,        -8.5187287,      -8.304570231,      -8.029406177,      -7.980802904,      -7.964155588,      -12.90913168
          0,           0,         216,      -8.526758816,      -8.315110085,      -8.036675734,      -7.987919415,      -7.972592364,      -12.92089383
          0,           0,         217,      -8.534912795,      -8.325748256,      -8.044214753,      -7.995280995,      -7.981210413,      -12.93253414
          0,           0,         218,      -8.543210443,      -8.336503417,      -8.051819776,      -8.002741748,      -7.989951182,      -12.94420115
          0,           0,         219,      -8.551342552,      -8.347168839,      -8.059176181,      -8.009966091,      -7.998484364,       -12.9561068
          0,           0,         220,      -8.559434689,      -8.357805952,      -8.066660335,      -8.017270811,       -8.00699675,      -12.96793002
          0,           0,         221,      -8.567474585,      -8.368361517,      -8.074038111,      -8.024488424,      -8.015430147,      -12.97971318
          0,           0,         222,      -8.575399663,      -8.378828922,       -8.08130151,      -8.031596044,      -8.023771957,      -12.99152411
          0,           0,         223,      -8.583508779,       -8.38942023,      -8.088866265,      -8.038989396,      -8.032340789,      -13.00320375
          0,           0,         224,        -8.5916748,      -8.400073959,      -8.096364381,      -8.046356838,      -8.040926899,      -13.01499571
          0,           0,         225,      -8.599667791,      -8.410636451,       -8.10369685,      -8.053550423,      -8.049320933,      -13.02697216
          0,           0,         226,      -8.607660379,      -8.421174076,      -8.111157076,      -8.060834357,      -8.057723909,      -13.03882743
          0,           0,         227,       -8.61553848,      -8.431592371,      -8.118414492,      -8.067943876,      -8.065985819,      -13.05070591
          0,           0,         228,      -8.623404829,      -8.441998825,      -8.125739068,      -8.075107089,      -8.074286064,      -13.06253803
          0,           0,         229,       -8.63147721,      -8.452539137,      -8.133313336,      -8.082526812,      -8.082807115,      -13.07427283
          0,           0,         230,      -8.639479831,       -8.46306509,      -8.140683848,      -8.089780393,       -8.09120681,      -13.08622312
          0,           0,         231,      -8.647366123,      -8.473526017,      -8.148045164,       -8.09698934,      -8.099501819,      -13.09823687
          0,           0,         232,      -8.655255983,      -8.483949453,       -8.15545227,      -8.104232844,       -8.10778855,      -13.11013396
          0,           0,         233,      -8.662985493,      -8.494237773,      -8.162624893,      -8.111267241,      -8.115903719,      -13.12210143
          0,           0,         234,      -8.670833285,      -8.504587553,      -8.170044523,      -8.118522395,      -8.124200841,      -13.13394858
          0,           0,         235,      -8.678849929,      -8.515059874,      -8.177592519,      -8.125937708,      -8.132651117,       -13.1457786
          0,           0,         236,      -8.686689571,      -8.525453847,      -8.184872953,      -8.133108413,      -8.140876805,      -13.15788813
          0,           0,         237,      -8.694489177,      -8.535806236,      -8.192267594,      -8.140340142,      -8.149089928,      -13.16992724
          0,           0,         238,      -8.702252273,      -8.546092581,      -8.199587219,      -8.147512521,      -8.157238479,      -13.18189463
          0,           0,         239,      -8.709881645,      -8.556273666,      -8.206756161,      -8.154546021,      -8.165270255,      -13.19391948
          0,           0,         240,      -8.717715014,      -8.566554728,      -8.214245492,      -8.161878585,       -8.17355882,      -13.20578889
          0,           0,         241,      -8.725611275,      -8.576907172,       -8.22169939,      -8.169220718,      -8.181870202,      -13.21774639
          0,           0,         242,      -8.733314396,      -8.587165373,      -8.228961258,      -8.176367289,      -8.189968204,      -13.22993773
          0,           0,         243,      -8.741033113,      -8.597394471,      -8.236360042,      -8.183605127,      -8.198098801,      -13.24199351
          0,           0,         244,      -8.748636446,      -8.607516075,      -8.243561141,       -8.19067565,       -8.20608312,      -13.25406986
          0,           0,         245,      -8.756237639,      -8.617612595,      -8.250825735,      -8.197797725,      -8.214117431,      -13.26611358
          0,           0,         246,      -8.764059083,      -8.627826523,      -8.258355815,      -8.205191081,      -8.222390431,      -13.27802796
          0,           0,         247,      -8.771781488,      -8.638024249,      -8.265674464,      -8.212415311,      -8.230510462,       -13.2901797
          0,           0,         248,       -8.77939967,      -8.648156334,      -8.272994387,      -8.219600831,      -8.238546381,      -13.30240167
          0,           0,         249,      -8.787027986,      -8.658252617,      -8.280350166,      -8.226810904,      -8.246578593,      -13.31448831
          0,           0,         250,      -8.794490287,      -8.668222869,      -8.287477054,      -8.233818239,      -8.254434742,       -13.3266649
          0,           0,         251,      -8.802116372,      -8.678248011,      -8.294881876,      -8.241075152,      -8.262523475,      -13.33870438
          0,           0,         252,      -8.809887866,      -8.688378934,      -8.302390893,       -8.24847374,      -8.270736713,      -13.35071296
          0,           0,         253,      -8.817445939,      -8.698424118,      -8.309629657,      -8.255622813,      -8.278693796,      -13.36303275
          0,           0,         254,      -8.825000205,      -8.708428742,       -8.31700129,      -8.262845839,      -8.286680656,      -13.37525521
          0,           0,         255,      -8.832496086,      -8.718365141,      -8.324258785,      -8.269976159,      -8.294575018,      -13.38741731
          0,           0,         256,      -8.839896376,      -8.728217236,      -8.331426963,      -8.277023494,      -8.302402664,      -13.39963654
          0,           0,         257,      -8.847533746,      -8.738160095,      -8.338919722,      -8.284379881,      -8.310515988,      -13.41167454
          0,           0,         258,      -8.855151592,       -8.74813733,        -8.3463018,      -8.291675142,      -8.318560849,      -13.42385804
          0,           0,         259,      -8.862602341,      -8.758029507,      -8.353566535,      -8.298834158,      -8.326439946,      -13.43624202
          0,           0,         260,      -8.870085478,       -8.76789347,      -8.360932751,      -8.306058796,      -8.334356897,        -13.448459
          0,           0,         261,      -8.877415788,      -8.777645249,       -8.36807072,      -8.313086418,      -8.342093919,      -13.46075011
          0,           0,         262,      -8.884855566,      -8.787407945,      -8.375403318,      -8.320285696,      -8.350009251,      -13.47295613
          0,           0,         263,       -8.89248408,      -8.797274651,      -8.382929239,      -8.327703156,      -8.358113469,       -13.4850428
          0,           0,         264,      -8.899913333,      -8.807079866,      -8.390185078,      -8.334885779,      -8.365966888,      -13.49745461
          0,           0,         265,      -8.907316177,      -8.816834641,      -8.397537196,      -8.342106595,      -8.373831577,      -13.50983311
          0,           0,         266,      -8.914694005,      -8.826545288,      -8.404833326,      -8.349280783,       -8.38163996,      -13.52209995
          0,           0,         267,       -8.92194159,      -8.836154679,      -8.411978577,      -8.356319962,      -8.389331376,      -13.53447316
          0,           0,         268,      -8.929430228,      -8.845831765,         -8.419457,      -8.363668495,      -8.397329136,      -13.54665076
          0,           0,         269,      -8.936936192,      -8.855562291,      -8.426889979,      -8.371022022,      -8.405303036,       -13.5588997
          0,           0,         270,      -8.944240536,      -8.865201162,      -8.434144991,      -8.378192129,      -8.413065161,      -13.57142622
          0,           0,         271,      -8.951586409,      -8.874811538,      -8.441520858,      -8.385435037,      -8.420886023,      -13.58377438
          0,           0,         272,      -8.958795443,      -8.884327971,       -8.44868666,      -8.392498978,      -8.428535222,      -13.59624179
          0,           0,         273,      -8.966086491,      -8.893831972,      -8.455995345,       -8.39968868,      -8.436332477,      -13.60865375
          0,           0,         274,      -8.973580505,      -8.903427893,      -8.463532264,      -8.407123911,      -8.444347406,      -13.62084724
          0,           0,         275,      -8.980877388,      -8.912973605,      -8.470809242,      -8.414340803,      -8.452111632,      -13.63336388
          0,           0,         276,      -8.988143025,       -8.92246555,      -8.478162469,      -8.421577662,      -8.459883696,      -13.64587892
          0,           0,         277,      -8.995392543,      -8.931924641,      -8.485475284,      -8.428777436,      -8.467608289,      -13.65825888
          0,           0,         278,      -9.002514473,      -8.941286894,      -8.492635058,      -8.435841462,      -8.475214053,      -13.67077197
          0,           0,         279,      -9.009885502,      -8.950704611,      -8.500126932,      -8.443212916,      -8.483141078,      -13.68307245
          0,           0,         280,      -9.017259806,      -8.960170054,      -8.507577653,      -8.450594527,       -8.49103281,      -13.69542038
          0,           0,         281,      -9.024429725,      -8.969545112,      -8.514850707,      -8.457794046,      -8.498711794,      -13.70806851
          0,           0,         282,      -9.031646124,      -8.978893425,      -8.522235776,      -8.465056432,      -8.506453631,      -13.72052098
          0,           0,         283,      -9.038725039,      -8.988156585,      -8.529415009,      -8.472142776,      -8.514021291,      -13.73304636
          0,           0,         284,      -9.045913762,      -8.997406874,      -8.536758997,      -8.479376137,      -8.521770206,      -13.74552607
          0,           0,         285,      -9.053286791,      -9.006736378,      -8.544313484,      -8.486841165,      -8.529719548,      -13.75779494
          0,           0,         286,      -9.060435809,      -9.016007561,      -8.551600449,      -8.494079007,      -8.537393335,      -13.77043106
          0,           0,         287,      -9.067580603,      -9.025231703,      -8.558980165,      -8.501349478,      -8.545105061,      -13.78303596
          0,           0,         288,      -9.074693196,      -9.034426881,      -8.566291728,      -8.508559329,      -8.552746236,      -13.79551687
          0,           0,         289,      -9.081714591,      -9.043540565,      -8.573497916,      -8.515676149,       -8.56031466,      -13.80814432
          0,           0,         290,      -9.088994314,      -9.052707735,      -8.581033113,      -8.523102775,      -8.568213273,      -13.82051241
          0,           0,         291,      -9.096206258,       -9.06189596,      -8.588463977,      -8.530479281,      -8.575999702,      -13.83299088
          0,           0,         292,      -9.103256855,      -9.071002627,      -8.595782518,      -8.537725666,      -8.583634195,      -13.84572365
          0,           0,         293,      -9.110346487,      -9.080089827,      -8.603172109,      -8.545005379,      -8.591307421,      -13.85823861
          0,           0,         294,      -9.117293355,      -9.089093617,      -8.610360577,      -8.552110555,      -8.598808825,      -13.87089965
          0,           0,         295,      -9.124432704,      -9.098108631,       -8.61780087,      -8.559444101,      -8.606587661,      -13.88344328
          0,           0,         296,      -9.131683286,      -9.107190454,      -8.625367553,      -8.566940279,      -8.614478489,      -13.89579254
          0,           0,         297,      -9.138680484,       -9.11619428,      -8.632668783,      -8.574198451,      -8.622075907,      -13.90855939
          0,           0,         298,      -9.145718443,        -9.1251654,      -8.640087889,      -8.581510086,      -8.629751829,      -13.92119119
          0,           0,         299,       -9.15267771,      -9.134097827,      -8.647373652,      -8.588707004,      -8.637301358,      -13.93377981
          0,           0,         300,      -9.159643986,      -9.142977054,      -8.654677139,       -8.59592146,      -8.644905589,      -13.94646781
          0,           0,         301,        -9.1668394,      -9.151910148,      -8.662266107,      -8.603420176,      -8.652796136,      -13.95882278
          0,           0,         302,      -9.173848585,      -9.160815443,       -8.66964014,      -8.610756795,      -8.660446964,       -13.9714693
          0,           0,         303,      -9.180804721,      -9.169662555,      -8.677033066,      -8.618067336,       -8.66808192,      -13.98420485
          0,           0,         304,      -9.187758274,      -9.178499762,      -8.684407515,      -8.625348142,      -8.675681894,      -13.99675022
          0,           0,         305,       -9.19461516,      -9.187268182,      -8.691651761,      -8.632514536,      -8.683185032,      -14.00950823
          0,           0,         306,      -9.201731755,      -9.196074299,      -8.699217353,      -8.639980697,      -8.691036916,       -14.0219894
          0,           0,         307,      -9.208798272,      -9.204907016,      -8.706732265,      -8.647449058,      -8.698807746,      -14.03445717
          0,           0,         308,      -9.215674319,      -9.213657448,      -8.714091296,      -8.654755498,      -8.706386804,      -14.04725495
          0,           0,         309,      -9.222593898,      -9.222391107,      -8.721521996,      -8.662087242,      -8.714012632,      -14.05980511
          0,           0,         310,       -9.22938992,      -9.231060801,      -8.728773078,      -8.669262386,      -8.721478245,      -14.07252354
          0,           0,         311,      -9.236377626,      -9.239731669,      -8.736259349,      -8.676653983,      -8.729227774,      -14.08513567
          0,           0,         312,      -9.243455303,      -9.248451362,       -8.74387226,      -8.684207482,      -8.737080994,      -14.09745318
          0,           0,         313,      -9.250276211,      -9.257096718,      -8.751229538,      -8.691533767,      -8.744638442,      -14.11022172
          0,           0,         314,      -9.257146326,      -9.265717294,      -8.758690134,      -8.698899922,      -8.752278235,      -14.12282376
          0,           0,         315,      -9.263933843,      -9.274309828,       -8.76601535,      -8.706146156,      -8.759781905,      -14.13542259
          0,           0,         316,       -9.27078303,      -9.282865949,      -8.773412281,      -8.713460141,      -8.767408217,      -14.14811622
          0,           0,         317,      -9.277822159,      -9.291465226,      -8.781056508,      -8.721029366,      -8.775283089,      -14.16037584
          0,           0,         318,      -9.284627077,      -9.300018264,      -8.788460621,      -8.728408012,      -8.782870977,      -14.17301078
          0,           0,         319,      -9.291429882,      -9.308528515,      -8.795921598,      -8.735790633,      -8.790499023,      -14.18563335
          0,           0,         320,      -9.298197433,      -9.317030834,      -8.803314745,      -8.743103414,      -8.798042647,      -14.19811163
          0,           0,         321,       -9.30494405,      -9.325483686,      -8.810669798,      -8.750383745,      -8.805590717,      -14.21081812
          0,           0,         322,      -9.311931701,      -9.333975723,      -8.818325227,      -8.757954763,      -8.813467931,      -14.22308255
          0,           0,         323,      -9.318748235,      -9.342453667,      -8.825818035,      -8.765418822,      -8.821128201,      -14.23551833
          0,           0,         324,      -9.325479572,      -9.350871442,      -8.833272772,      -8.772813516,       -8.82873146,      -14.24810685
          0,           0,         325,      -9.332210188,      -9.359283804,      -8.840713519,      -8.780171367,       -8.83629941,      -14.26046034
          0,           0,         326,      -9.338876327,      -9.367644107,      -8.848053354,      -8.787439705,      -8.843798905,      -14.27310238
          0,           0,         327,      -9.345795852,      -9.376033051,      -8.855700248,      -8.794999386,      -8.851659012,      -14.28537717
          0,           0,         328,      -9.352623776,      -9.384432087,      -8.863288245,      -8.802553539,      -8.859404338,        -14.297562
          0,           0,         329,       -9.35928346,       -9.39276119,      -8.870738745,      -8.809962379,      -8.866982434,      -14.31005963
          0,           0,         330,      -9.365973311,      -9.401085115,      -8.878221111,      -8.817359841,       -8.87457513,      -14.32227377
          0,           0,         331,      -9.372578437,      -9.409365553,      -8.885569855,      -8.824637597,      -8.882052242,      -14.33476597
          0,           0,         332,      -9.379413539,      -9.417658408,      -8.893190382,      -8.832172032,      -8.889873164,      -14.34701228
          0,           0,         333,      -9.386234831,      -9.425972487,      -8.900852609,      -8.839793551,      -8.897687026,      -14.35892374
          0,           0,         334,      -9.392830826,      -9.434215082,      -8.908308493,      -8.847222048,      -8.905251633,      -14.37125955
          0,           0,         335,      -9.399475825,      -9.442450442,      -8.915825919,      -8.854656137,      -8.912869034,      -14.38331372
          0,           0,         336,       -9.40603646,       -9.45065789,      -8.923207106,      -8.861966142,      -8.920351353,      -14.39557105
          0,           0,         337,      -9.412780239,      -9.458862146,      -8.930797351,      -8.869473844,      -8.928122885,      -14.40771533
          0,           0,         338,      -9.419572813,      -9.467089261,      -8.938505558,      -8.877133372,      -8.935978172,      -14.41935186
          0,           0,         339,      -9.426116159,      -9.475249992,      -8.945979754,      -8.884587795,      -8.943545061,      -14.43144931
          0,           0,         340,      -9.432710442,      -9.483398704,      -8.953523731,      -8.892053426,      -8.951181577,      -14.44329515
          0,           0,         341,      -9.439231065,      -9.491533297,      -8.960946184,      -8.899405069,      -8.958683586,      -14.45525784
          0,           0,         342,      -9.445894804,       -9.49965686,      -8.968524183,       -8.90690396,      -8.966422011,      -14.46721096
          0,           0,         343,      -9.452646591,      -9.507803248,      -8.976264952,      -8.914589625,      -8.974303907,       -14.4785511
          0,           0,         344,      -9.459143494,      -9.515891037,      -8.983767911,      -8.922075493,      -8.981884091,      -14.49034029
          0,           0,         345,      -9.465684067,      -9.523961918,      -8.991334306,      -8.929568823,      -8.989534757,      -14.50190194
          0,           0,         346,      -9.472159963,      -9.532025853,      -8.998793065,      -8.936957405,      -8.997055377,      -14.51352465
          0,           0,         347,      -9.478758371,      -9.540076343,      -9.006378577,      -8.944465786,      -9.004783739,        -14.525196
          0,           0,         348,      -9.485461665,      -9.548148503,      -9.014146595,      -8.952175435,      -9.012685274,      -14.53618953
          0,           0,         349,      -9.491910656,      -9.556165701,      -9.021681258,      -8.959693928,      -9.020282541,      -14.54760455
          0,           0,         350,      -9.498396394,      -9.564163885,      -9.029269343,      -8.967213014,      -9.027945454,      -14.55879555
          0,           0,         351,      -9.504822699,      -9.572159048,      -9.036758064,      -8.974631961,      -9.035480373,      -14.57002695
          0,           0,         352,      -9.511367209,      -9.580142027,      -9.044365675,      -8.982162888,      -9.043217658,      -14.58132365
          0,           0,         353,      -9.518016026,      -9.588144637,      -9.052158466,      -8.989896499,      -9.051134723,      -14.59190043
          0,           0,         354,      -9.524412467,      -9.596094624,      -9.059723011,      -8.997445185,      -9.058748908,      -14.60287786
          0,           0,         355,      -9.530843521,      -9.604026999,      -9.067333201,      -9.004988811,      -9.066425348,      -14.61361475
          0,           0,         356,      -9.537218164,      -9.611958898,      -9.074848083,      -9.012433993,      -9.073974325,       -14.6244029
          0,           0,         357,      -9.543717979,      -9.619881629,      -9.082489142,      -9.019997821,      -9.081737913,      -14.63523564
          0,           0,         358,      -9.550307343,       -9.62782025,      -9.090305258,      -9.027755765,        -9.0896677,      -14.64532466
          0,           0,         359,      -9.556646844,      -9.635705626,      -9.097896995,      -9.035331571,      -9.097297048,      -14.65580336
          0,           0,         360,      -9.563022931,       -9.64357576,      -9.105529577,      -9.042898439,      -9.104985925,      -14.66601031
          0,           0,         361,      -9.569344777,       -9.65144571,      -9.113069635,      -9.050368338,       -9.11254778,      -14.67630594
          0,           0,         362,      -9.575806061,      -9.659309589,      -9.120754344,      -9.057974589,      -9.120349812,      -14.68659062
          0,           0,         363,      -9.582330282,      -9.667184509,      -9.128593196,      -9.065757573,      -9.128287604,      -14.69613178
          0,           0,         364,      -9.588610024,      -9.675005365,       -9.13621128,      -9.073359038,      -9.135931542,      -14.70605522
          0,           0,         365,      -9.594929865,      -9.682815805,      -9.143865286,      -9.080946883,      -9.143630739,      -14.71567232
          0,           0,         366,      -9.601199097,      -9.690626404,      -9.151430614,      -9.088440887,      -9.151207601,      -14.72543529
          0,           0,         367,       -9.60762533,       -9.69843483,      -9.159165933,      -9.096096291,      -9.159058611,      -14.73510125
          0,           0,         368,      -9.614078464,      -9.706249091,      -9.167025808,      -9.103903726,      -9.167000887,      -14.74405274
          0,           0,         369,      -9.620297466,      -9.714009299,      -9.174670522,      -9.111530544,      -9.174661678,      -14.75336969
          0,           0,         370,       -9.62655816,      -9.721764872,      -9.182343033,      -9.119135673,       -9.18236701,      -14.76235567
          0,           0,         371,      -9.632775504,      -9.729520137,      -9.189934401,       -9.12665364,      -9.189962035,      -14.77155386
          0,           0,         372,      -9.639166537,      -9.737276048,      -9.197723608,      -9.134361448,      -9.197867423,      -14.78055221
          0,           0,         373,      -9.645543842,      -9.745031697,      -9.205603417,      -9.142192813,       -9.20581215,      -14.78889384
          0,           0,         374,       -9.65170297,      -9.752734442,      -9.213276839,      -9.149846544,      -9.213493792,       -14.7975671
          0,           0,         375,      -9.657901663,      -9.760438317,      -9.220965379,      -9.157466098,      -9.221201099,      -14.80590519
          0,           0,         376,      -9.664068726,      -9.768140968,      -9.228584831,      -9.165009152,      -9.228818545,      -14.81451758
          0,           0,         377,      -9.670421273,      -9.775845425,      -9.236427627,      -9.172769181,      -9.236778372,      -14.82282939
          0,           0,         378,       -9.67672009,      -9.783543084,      -9.244327184,      -9.180624213,       -9.24472567,      -14.83056475
          0,           0,         379,      -9.682820705,      -9.791190411,      -9.252031696,      -9.188306976,      -9.252432271,      -14.83858154
          0,           0,         380,      -9.688955352,      -9.798844389,       -9.25973537,      -9.195939931,      -9.260139348,      -14.84628091
          0,           0,         381,       -9.69507386,      -9.806496562,      -9.267385962,      -9.203510405,      -9.267784183,      -14.85430112
          0,           0,         382,      -9.701382747,      -9.814150253,      -9.275280055,      -9.211320414,      -9.275795181,      -14.86193642
          0,           0,         383,      -9.707601846,       -9.82179074,       -9.28319963,      -9.219198703,      -9.283746311,      -14.86909277
          0,           0,         384,      -9.713645268,      -9.829384784,      -9.290937493,      -9.226912478,      -9.291481768,      -14.87646803
          0,           0,         385,      -9.719714878,      -9.836990515,      -9.298657359,      -9.234559747,       -9.29918881,      -14.88356058
          0,           0,         386,      -9.725786528,      -9.844594421,      -9.306343208,      -9.242161218,      -9.306866834,      -14.89100065
          0,           0,         387,      -9.732046593,      -9.852198501,      -9.314286734,      -9.250019203,      -9.314925318,      -14.89799257
          0,           0,         388,      -9.738185294,       -9.85978324,       -9.32222671,      -9.257920163,      -9.322881334,      -14.90461758
          0,           0,         389,      -9.744173041,      -9.867326381,      -9.330000404,      -9.265666937,      -9.330649669,      -14.91138913
          0,           0,         390,      -9.750177239,      -9.874885511,      -9.337738731,      -9.273330534,      -9.338357925,      -14.91792459
          0,           0,         391,      -9.756203693,      -9.882443075,      -9.345464611,      -9.280967394,      -9.346075587,      -14.92481371
          0,           0,         392,      -9.762410174,      -9.889998601,      -9.353456546,      -9.288872124,      -9.354178161,      -14.93121207
          0,           0,         393,      -9.768467232,      -9.897528738,       -9.36141623,      -9.296794233,      -9.362138518,      -14.93737015
          0,           0,         394,       -9.77440121,      -9.905022931,      -9.369228401,      -9.304575952,      -9.369944322,      -14.94359193
          0,           0,         395,      -9.780339764,      -9.912536674,       -9.37698788,      -9.312258257,      -9.377655143,      -14.94963354
          0,           0,         396,      -9.786323067,      -9.920049243,       -9.38475936,      -9.319935852,       -9.38542033,      -14.95601442
          0,           0,         397,      -9.792471068,      -9.927556916,      -9.392798866,       -9.32788635,      -9.393563024,       -14.9618802
          0,           0,         398,      -9.798443653,      -9.935032807,      -9.400774766,      -9.335825648,      -9.401523968,      -14.96764842
          0,           0,         399,       -9.80432665,      -9.942479377,      -9.408628223,      -9.343644034,      -9.409372938,      -14.97338314
          0,           0,         400,      -9.810199723,      -9.949948422,      -9.416412363,      -9.351348156,      -9.417088256,      -14.97900365
          0,           0,         401,      -9.816143532,      -9.957416953,      -9.424237838,      -9.359074814,      -9.424913028,      -14.98492368
          0,           0,         402,      -9.822226784,      -9.964877185,      -9.432323595,      -9.367069867,      -9.433089214,      -14.99032362
          0,           0,         403,      -9.828109731,      -9.972298261,      -9.440307691,      -9.375018312,      -9.441042182,       -14.9957864
          0,           0,         404,       -9.83394611,      -9.979698248,       -9.44820543,      -9.382874398,      -9.448941022,      -15.00110192
          0,           0,         405,      -9.839756419,      -9.987123238,      -9.456021741,      -9.390607042,      -9.456667768,      -15.00638289
          0,           0,         406,      -9.845668593,      -9.994549219,      -9.463918285,      -9.398400053,      -9.464575186,       -15.0118839
          0,           0,         407,      -9.851677268,       -10.0019634,      -9.472048252,      -9.406438461,      -9.472772375,      -15.01689528
          0,           0,         408,      -9.857465411,      -10.00933023,      -9.480029942,      -9.414385551,      -9.480707482,      -15.02212832
          0,           0,         409,      -9.863259366,      -10.01668652,        -9.4879723,      -9.422276253,      -9.488657004,      -15.02710117
          0,           0,         410,      -9.869017528,      -10.02406961,      -9.495838057,      -9.430052635,      -9.496418026,      -15.03213181
          0,           0,         411,      -9.874911875,      -10.03145624,      -9.503839358,       -9.43794654,      -9.504450116,      -15.03724686
          0,           0,         412,      -9.880833916,      -10.03882908,      -9.512016896,      -9.446033981,      -9.512655884,      -15.04197226
          0,           0,         413,      -9.886535447,      -10.04615096,      -9.520002868,       -9.45398471,      -9.520584277,      -15.04699772
          0,           0,         414,      -9.892280657,       -10.0534741,      -9.527978585,      -9.461894852,      -9.528556572,      -15.05170383
          0,           0,         415,      -9.897998349,      -10.06081935,      -9.535903969,      -9.469721706,      -9.536374952,      -15.05655578
          0,           0,         416,      -9.903875886,      -10.06816463,      -9.544028576,      -9.477736567,      -9.544554535,      -15.06134952
          0,           0,         417,       -9.90970895,      -10.07549535,      -9.552267541,      -9.485889577,      -9.552781824,      -15.06587701
          0,           0,         418,      -9.915340076,       -10.0827809,       -9.56028356,      -9.493867959,      -9.560729456,      -15.07069119
          0,           0,         419,      -9.921021061,       -10.0900777,      -9.568276169,      -9.501780714,      -9.568687367,      -15.07518293
          0,           0,         420,      -9.926685024,      -10.09738313,      -9.576231353,      -9.509626633,      -9.576531254,      -15.07986757
          0,           0,         421,      -9.932511939,      -10.10467132,      -9.584422213,      -9.517706059,      -9.584792924,        -15.084436
          0,           0,         422,      -9.938258342,      -10.11193593,       -9.59270657,      -9.525908124,      -9.593050414,       -15.0888164
          0,           0,         423,      -9.943815912,      -10.11915909,      -9.600753238,      -9.533918581,      -9.601022825,       -15.0934669
